{"data":[{"RemainingFuel":264.919882826208,"TotalFuel":267.0},{"RemainingFuel":266.9912816736156,"TotalFuel":267.0}]}